date,Q1,Q2,Q3,Q4,Q5
192607,3.15,5.35,1.77,2.36,0.57
192608,1.05,3.93,1.88,4.83,6.9
192609,-1,3.1,-0.55,0.08,-1.36
192610,-2.82,-2.96,-2.29,-4.1,-4.18
192611,4.11,2.62,1.98,3.7,2.34
192612,1.63,3.29,2.01,4.84,2.09
192701,-0.37,0.38,-0.49,0.69,5.49
192702,3.7,4.94,3.5,5.32,9.29
192703,0.29,1.47,-0.45,-0.12,-1.79
192704,2.21,0.93,-0.62,0.28,1.6
192705,5.57,4.85,5.2,6.16,8.83
192706,0.01,-3.05,-2.59,-2.56,-2.37
192707,10.35,5.98,6.67,7.91,6.95
192708,6.5,1.83,0.21,0.11,-1.32
192709,5.41,4.1,5.24,3.45,6.16
192710,-4.59,-2.23,-3.85,-5.86,-10.81
192711,7.17,7.21,6.08,7.33,9.02
192712,2.53,2.17,1.64,2.63,5.86
192801,-0.59,0.04,-0.03,-0.88,-1.78
192802,-0.89,-0.66,-0.9,-2.32,-5.54
192803,15.21,6.1,6.65,5.58,12.28
192804,2.15,6.43,6.34,2.86,6.53
192805,2.58,2.4,-0.57,1.11,-0.42
192806,-3.82,-4,-3.9,-5.27,-7.44
192807,1.5,0.13,0.21,0.7,0.12
192808,8.56,6.52,5.39,5.69,6.29
192809,3.8,2.51,2.09,2.44,6.96
192810,1.43,2.02,0.81,1.71,1.3
192811,11.37,10.5,15.23,10.26,15.97
192812,0.68,1.23,-0.95,1.31,-0.12
192901,5.73,7.8,2.77,3.43,1.81
192902,-0.83,0.72,0.44,1.86,3.28
192903,-1.08,0.24,2.04,-0.49,-2.12
192904,2.07,1.99,1.29,0.55,2.9
192905,-5.64,-6.8,-3.17,-4.52,-6.25
192906,11.43,12.32,8.66,7.65,6.68
192907,3.17,4.3,5.78,6.18,4.78
192908,6.4,10.61,11.4,10.85,4.91
192909,-5.4,-2.49,-4.32,-6.55,-5.84
192910,-24.72,-19.98,-13.51,-11.71,-14.01
192911,-13.77,-14.74,-10,-8.8,-10.73
192912,3.64,2.7,-0.36,1.17,2.31
193001,6.97,6,2.22,4.59,2.92
193002,2.29,4.61,1.58,1.01,2.86
193003,6.91,5.92,10.08,5.82,7.22
193004,-2.15,-1.82,-1.44,-5.54,-6.19
193005,0.2,-0.02,-2.01,-1.64,-2.78
193006,-17.83,-16.23,-13.44,-10.67,-15.13
193007,4.72,3.94,3.32,3.56,0.67
193008,1.36,-0.41,0.11,-2.52,-0.4
193009,-12.68,-11.67,-10.29,-15.66,-18.8
193010,-10.39,-6.99,-7.44,-9.91,-13.46
193011,-1.72,-1.66,-4,-5.51,-4.97
193012,-5.79,-8.15,-8.29,-11.33,-16.1
193101,4.57,5.46,7.52,13.4,17.19
193102,14.28,8.97,6.11,9.33,16.53
193103,-4.17,-8.22,-8.59,-9.96,-7.71
193104,-9.51,-8.54,-12.05,-12.4,-14.26
193105,-11.58,-11.69,-17.4,-18.48,-20.13
193106,13.17,13.61,15.99,22.51,26.13
193107,-4.93,-7.22,-10.85,-10.3,-9.36
193108,0.2,0.65,-0.76,-0.76,-1.15
193109,-28.21,-25.23,-31.36,-33.06,-38.12
193110,8.77,7.21,3.31,7.24,10.72
193111,-6.4,-9.84,-17.24,-16.53,-12.45
193112,-10.78,-15.36,-19.26,-21.41,-24.64
193201,-3.53,-1.35,1.91,7.81,9.65
193202,6.87,4.84,2.55,-1.52,2.09
193203,-10.69,-10.38,-13.52,-16.21,-10.36
193204,-16.93,-21.59,-17.94,-17.82,-21.09
193205,-21.09,-16.62,-27.93,-26.03,-20.58
193206,-2.41,-1.18,1.96,9.43,6.2
193207,28.68,28.73,46.06,64.01,65.36
193208,30.9,34.1,47.99,64.44,61.27
193209,-0.44,-3.64,-8.11,-2.97,-10.13
193210,-11.85,-10.37,-15.92,-21.68,-21.03
193211,-3.04,-2.06,-9.53,-11.33,-15.83
193212,7.74,5.35,1.33,-5.63,-7.44
193301,-0.42,0.46,4.33,5.56,8.38
193302,-15.74,-13.71,-14.66,-19.02,-16.3
193303,2.11,1.45,6.96,11.57,8.01
193304,35.6,31.58,47.61,58.4,57.41
193305,17.79,18.36,26.4,36.26,54.99
193306,11.84,12.19,15.27,19.59,21.28
193307,-8.67,-11.22,-12.1,-11.08,-8.78
193308,9.23,16.24,15.87,13.6,18.52
193309,-9.64,-7.64,-12.2,-16.23,-24.95
193310,-6.64,-5.32,-10.87,-16.61,-17.76
193311,9.59,9.85,12.24,13.4,9.46
193312,2.18,2.14,1.85,3.39,6.8
193401,11.08,10.5,18.12,19.58,34.92
193402,-2.17,-2.28,-2.77,-3.57,-0.96
193403,0.29,0.18,-0.58,-1.13,-0.56
193404,-1.83,-0.86,-2.18,-4.59,-5.17
193405,-6.16,-6.99,-7.39,-12.16,-15.55
193406,2.28,3.14,2.39,3.26,0.28
193407,-7.64,-8.65,-14.87,-19.89,-29.75
193408,6.33,5.58,4.88,4.88,9.92
193409,-0.21,-0.29,-0.52,-1.22,0.96
193410,0.35,-1.62,-4.55,-6.34,-7.58
193411,11.12,5.56,7.38,12.41,5.27
193412,0.92,0.79,-0.33,0.3,-3.07
193501,-2.02,-3.83,-2.76,-7.51,-10.26
193502,0.11,-1.53,-3.4,-8.91,-14.3
193503,-3.71,-2.64,-2.29,-8.65,-9.94
193504,6.68,10.41,9.98,12.46,12.48
193505,2.78,4.72,3.98,2.28,5.49
193506,5.87,5.63,5.2,6.42,9.32
193507,7.27,5.96,5.66,12.79,12.51
193508,2.57,1.45,2.69,2.79,9.69
193509,5.04,-0.12,1.93,0.61,0.3
193510,6.94,7.86,7.7,7.91,7.17
193511,2.65,5.3,5.85,7.48,19.72
193512,2.91,4.44,6.54,6.87,7.61
193601,2.62,6.58,8.7,13.46,15.92
193602,1.9,1.8,4.26,4.1,4.93
193603,3.25,1.03,-1.13,1.44,-2.35
193604,-6.39,-8.59,-7.83,-11.15,-10.56
193605,4.78,4.6,4.78,6.03,8.71
193606,4.1,0.93,2.5,1.66,0.25
193607,5.92,5.68,6.12,10.57,10.75
193608,0.1,1.16,0.86,3.11,4.56
193609,1.32,1.08,1.39,1.55,0.69
193610,6.34,5.13,9.3,11.8,4.91
193611,3.57,4.38,3.22,1.43,0.53
193612,-2.41,0.81,2.21,3.33,1.88
193701,3.6,3.89,0.58,4.55,10.11
193702,-0.18,0.92,0.71,2.82,10.21
193703,-2.24,-0.41,-0.18,3.14,7.84
193704,-6.72,-6.3,-6.53,-9.44,-10.78
193705,-0.09,-1.49,-0.11,-2.87,-2.85
193706,-4.4,-3.43,-2.8,-5.5,-8.52
193707,8.56,10.48,7.38,9.48,12.01
193708,-3.34,-5.97,-5.16,-5.57,-8.64
193709,-11.85,-16.33,-9.92,-17.65,-21.81
193710,-9.89,-9.47,-6.63,-11.62,-16.73
193711,-8.99,-9.44,-6.93,-7.83,-10.09
193712,-3.68,-5.09,-2.43,-5.61,-9.95
193801,1.75,1.4,-1.2,1.45,-1.91
193802,5.62,8,4.18,7.11,5.61
193803,-22.8,-24.16,-21.68,-27.22,-34.25
193804,12.9,15.58,14.1,16.74,15.15
193805,-3.62,-5.58,-2.06,-6.79,-5.62
193806,25.58,26.62,18.05,26.37,35.92
193807,8.22,5.42,8.38,7.38,13.97
193808,-0.08,-3.73,-5.38,-5.18,-7.92
193809,1.05,1.46,-0.52,0.1,-2.45
193810,6.99,5.72,7.69,14.35,17.84
193811,-1.64,-0.52,-3.06,-3.1,-4.06
193812,3.23,4.22,2.95,5.82,9.65
193901,-5.88,-4.73,-5.39,-8.93,-12.25
193902,2.78,3.54,3.39,6.35,6.84
193903,-10.89,-9.14,-13.47,-18.74,-27.46
193904,-0.61,0.36,0.4,-2.33,0.33
193905,7.04,6.26,5.34,7.61,11.62
193906,-4.34,-5.4,-5.26,-9.25,-14.03
193907,11.33,8.4,10.03,9.88,18.45
193908,-5.84,-5.62,-8.23,-7.06,-14.47
193909,12.36,14.13,16.36,31.79,55.51
193910,0.19,-0.08,-0.15,-3.19,-5.46
193911,-2.41,-2.57,-3.58,-7.84,-13.16
193912,3.9,2.42,3.73,0.78,1.7
194001,-2.13,-1.87,-1.8,-4.55,-6.56
194002,0.73,2,0.76,2.21,1.61
194003,2.81,1.01,1.88,2.21,2.06
194004,0.15,0.1,0.36,0.79,-0.31
194005,-21.8,-20.46,-23.2,-22.41,-29.62
194006,4.82,7.39,9.92,5.72,15.23
194007,3.98,2.26,3.77,3.25,3.22
194008,2.84,0.68,2.37,2.85,2.61
194009,3.51,2.45,0.47,0.94,2.24
194010,0.47,3.04,6.18,8.47,9.66
194011,-2.54,-0.42,-1.16,-0.19,-4.83
194012,0.38,1.27,-0.36,1.08,-0.27
194101,-5.66,-3.81,-2.6,-2.92,0.05
194102,-1.93,-1.79,-0.66,-1.14,-1.55
194103,0.52,0.87,1.41,1.83,4.1
194104,-6.18,-5.96,-4.61,-3.33,-2.58
194105,1.36,1.43,2.55,2.52,0.81
194106,6.53,5.09,6.85,4.16,5.67
194107,4.66,4.24,8.31,9.24,18.01
194108,0.93,0,-1.48,-1.09,-2.27
194109,0.04,-1.15,-2.17,-1.25,-2.75
194110,-6.48,-4.21,-2.91,-2.98,-5.77
194111,-1.91,-1.69,-0.71,-1.38,-3.89
194112,-3.42,-5.44,-4.7,-8.77,-9.32
194201,-2.8,0.24,0.81,8.86,14.89
194202,-2.57,-2.2,-2.89,-2.5,-0.39
194203,-5.73,-6.88,-7.66,-5.64,-6.49
194204,-3.41,-6.08,-4.27,-3.43,-2.78
194205,7.88,5.69,5,2.25,-1.08
194206,4.22,1.5,1.96,2.27,2.36
194207,2.1,4.43,3.5,5.34,9.39
194208,1.49,1.99,1.25,4.09,2.65
194209,2.57,2.89,2.3,2.15,7.02
194210,4.97,5.88,8.9,11.05,13.5
194211,0.98,1.77,0.6,-3.72,-5.77
194212,5.56,3.98,5.37,5.99,5.11
194301,5.64,6.05,9.09,9.49,15.66
194302,3.86,6.4,8.62,9.85,15.04
194303,4.38,5.22,8.22,8.76,15.22
194304,-0.8,1.28,1.53,1.09,8.95
194305,5.32,4.79,7.51,5.93,10.48
194306,2.08,2.71,0.74,0.88,-1.67
194307,-5.14,-3.49,-2.83,-5.81,-7.79
194308,1.43,1.35,0.93,0.96,-0.16
194309,2.47,2.16,2.56,2.83,4.39
194310,-2,-0.85,-1.38,1.45,-0.56
194311,-4.83,-4.83,-6.74,-7.3,-14.43
194312,5.4,6.17,6.99,7.73,11.28
194401,1.04,1.1,2.21,2.58,8.01
194402,0.31,0,1.38,0.39,4.57
194403,2.48,1.78,1.99,4.06,5.46
194404,-1.41,-1.61,-1.97,-1.29,-3.56
194405,4.6,4.78,5.02,5.3,7.83
194406,5.67,4.2,4.49,7.67,9.53
194407,-1.74,-1.54,-0.96,-1.17,-0.98
194408,1.88,0.71,2.41,1.66,0.7
194409,0.32,-0.31,-0.13,0.4,-0.09
194410,-0.29,0.81,0.92,-0.29,0.47
194411,1.06,1.71,2.32,2.94,3.39
194412,2.59,3.5,5.32,5.49,12.47
194501,0.98,1.36,3.04,5.65,1
194502,5.43,5.42,6.11,8.12,10.71
194503,-3.73,-3.11,-4.02,-5.01,-5.21
194504,7.41,6.6,7.33,9.22,11.52
194505,1.84,1.93,1.21,0.71,2.92
194506,-1.9,0.3,1.28,1.58,5.89
194507,-1.51,-0.87,-2.95,-2.99,-5.21
194508,8.41,5.7,4.68,4.94,1.85
194509,5.1,3.35,4.74,4.35,7.4
194510,2.63,3.59,5.9,6.08,5.04
194511,2.93,5.45,5.92,7.49,10.37
194512,1.41,1.17,1.79,0.9,-0.61
194601,6.32,4.94,5.29,6,10.45
194602,-5.72,-4.93,-5.05,-6.92,-7.9
194603,5.2,6.41,7.32,7.36,3.83
194604,4.05,4.05,6.28,4.87,2.17
194605,3.18,3.98,2.6,6.09,6.83
194606,-4.69,-2.79,-2.62,-5.19,-3.71
194607,-2.64,-3.37,-2.01,-1.88,-3.51
194608,-6.27,-6.09,-6.97,-5.1,-7.52
194609,-9.55,-10.04,-8.51,-8.66,-13.99
194610,-2.53,-2.03,-2.79,0.3,0.79
194611,-0.15,0.82,0.32,0.46,-0.23
194612,5.71,6.29,4.29,4.65,3.76
194701,3.37,-1.09,1.19,0.2,1.84
194702,-0.06,-0.83,-0.97,-1.87,-1.61
194703,-1.84,-1.92,-1.3,-0.33,-2.44
194704,-5.02,-5.92,-3.81,-3.76,-5.11
194705,-1.02,-2.13,-0.93,0.51,-2.21
194706,6.29,6.51,2.49,5.92,4.87
194707,3.52,4.04,3.51,4.38,7.74
194708,-1.71,-1.7,-1.63,-1.19,-2.53
194709,-0.45,-0.73,-0.83,0.27,0.2
194710,2,3.97,2.74,2.8,2.71
194711,-1.75,-2.13,-1.53,-2.45,-1.97
194712,1.67,3.62,3.18,3.23,6.36
194801,-4.41,-4.07,-4.07,-2.6,-2.86
194802,-4.72,-5.14,-3.19,-4.83,-4.6
194803,7.51,9.83,6.82,9.25,11.19
194804,2.24,3.04,4.78,3.58,7.13
194805,8.5,9.02,5.88,6.75,7.78
194806,-0.59,-0.66,0.62,-0.65,2.07
194807,-5.24,-5.67,-4.07,-5.06,-4.83
194808,0.9,-0.4,0.36,-0.44,0.76
194809,-2.54,-3.25,-1.73,-4.15,-3.87
194810,6.11,7.68,4.11,5.94,6.17
194811,-7.93,-9.29,-7.44,-12,-14.05
194812,4.86,3.9,1.73,2,1.98
194901,0.79,-2.04,0.28,1.09,1.87
194902,-2.77,-3.76,-1.57,-2.65,-5.18
194903,4.36,3.9,2.89,5.63,5.36
194904,-1.97,-0.74,-1.57,-1.79,-2.85
194905,-1.63,-3.23,-2.09,-4.82,-5.67
194906,1.31,-0.08,0.46,-0.31,-2.73
194907,5.62,4.98,5.8,5.93,6.51
194908,2.74,2.63,3.37,2.11,2.62
194909,2.97,2.53,3.81,3.91,4.65
194910,3.45,3.02,2.91,3.15,2.83
194911,3.12,1.24,0.53,0.66,1.85
194912,5.8,3.74,4.24,5.63,8.65
195001,0.88,1.24,2.67,1.91,6.14
195002,1.76,1,1.47,1.25,1.08
195003,1.83,1.48,0.88,0.61,-0.76
195004,5.07,2.45,3.88,4.16,5.79
195005,4.65,4.64,4.51,4.93,2.18
195006,-5.71,-5.49,-6.39,-4.84,-8.09
195007,-3.51,-0.58,6.15,10.42,13.87
195008,6.39,3.89,4.9,3.25,3.23
195009,5.31,4.65,4.68,4.41,4.46
195010,0.05,-0.39,-0.91,-0.52,2.54
195011,2.53,1.94,3.74,4.13,4.41
195012,3.28,4.88,6.63,9.43,11.86
195101,4.83,4.62,6.89,6.46,9.98
195102,2.48,1.65,2.33,0.04,-1.45
195103,-0.64,-1.38,-3.19,-4.43,-5.21
195104,4.44,3.19,7.68,5.71,7.08
195105,-2.28,-1.76,-2.1,-2.43,-4.12
195106,-2.09,-2.23,0.2,-4.56,-7.45
195107,6.91,5.77,6.75,8.54,9.36
195108,3.72,5.48,4.5,5.46,3.5
195109,0.53,1.2,0.07,0.89,3.44
195110,-3.99,-2.58,0.03,-0.67,-3.89
195111,0.56,1.55,0.36,-0.1,2.03
195112,4.55,2.73,3.99,1.39,1.04
195201,-0.04,2.02,2.48,4.32,2.22
195202,-2.12,-2.13,-3.29,-2.92,-2.14
195203,4.37,4.74,4,5.5,6.73
195204,-4.81,-4.18,-4.58,-6.46,-4.38
195205,4.03,2.77,2.71,3.29,3.13
195206,3.83,4.26,4.06,3.44,5.1
195207,1.03,1.49,0.34,2.16,0.99
195208,-0.75,-0.69,0.04,-0.76,-1.07
195209,-1.88,-1.49,-1.74,-2.37,-2.25
195210,-0.73,-0.12,-0.48,-1.09,-0.2
195211,6.21,6.08,4.73,6.69,7.37
195212,3.09,3.15,2.97,2.44,3.96
195301,-0.82,-0.46,0.26,2.1,1.59
195302,-0.44,0.34,0.15,0.31,-0.71
195303,-1.22,-1.21,-1.19,-2.44,-2.44
195304,-2.99,-2.88,-2.18,-1.93,-1.74
195305,1.12,-0.07,0.71,0.15,2.12
195306,-1.64,-2.12,-0.88,-2.93,-2.15
195307,2.74,2.8,2.41,1.62,1.54
195308,-3.62,-3.81,-4.92,-6.36,-8.74
195309,1.09,0.72,-0.74,-1.25,-2.26
195310,5.03,4.08,5.32,5.04,3.49
195311,3.8,2.22,2.16,2.14,2.57
195312,0.81,0.27,0.47,-1.25,-4.26
195401,3.77,5.28,7.31,7.78,8.28
195402,1.7,1.86,2.16,0.67,1.39
195403,4.4,3.28,4.59,2.04,1.35
195404,5.15,4.07,4.65,3.56,0.56
195405,2.81,2.47,2.8,6.2,6.73
195406,2.8,-0.4,-0.86,1.71,0.2
195407,3.91,5.25,5.69,7.04,8.55
195408,-3.14,-1.21,-1.21,-3.19,-3.01
195409,6.95,5.84,8.1,6.52,4.21
195410,-2.27,-1.43,-1.31,0.02,-0.23
195411,10,7.41,9.4,12.82,12.75
195412,3.99,4.54,7.81,9.55,14.11
195501,-0.06,1.52,-0.59,2.37,1.85
195502,2.97,2.77,3.38,3.32,4.67
195503,-0.19,-0.43,-0.44,0.81,2.3
195504,4.59,1.93,2.02,4.02,2.58
195505,2.25,0.19,0.47,-0.2,0.82
195506,6.91,5.75,8.96,9.11,2.89
195507,2.09,3.48,1.36,-0.44,0.67
195508,0.77,-0.17,-0.61,2.05,1.08
195509,0.13,-0.71,0.27,-0.07,-2.27
195510,-3.42,-1.59,-1.23,-2.7,-2.99
195511,8.1,7.6,4.19,6.76,8.93
195512,1.79,2.11,2.17,0.11,-0.4
195601,-4.42,-1.51,-0.95,-1.86,-3.02
195602,5.17,3.42,2.51,3.73,3.18
195603,6.78,8.99,5.36,5.2,6.52
195604,-0.63,1.28,1.81,1.14,0.65
195605,-4.61,-5.44,-4.62,-5.93,-6.68
195606,5.19,1.99,3.44,2.94,1.49
195607,4.53,7.1,5.05,4.84,3.12
195608,-3.26,-4.19,-1.83,-2.34,-3.85
195609,-6.1,-4.55,-3.17,-4.11,-3.19
195610,0.65,0.84,0.72,1.1,0.95
195611,-0.43,0.51,2.04,3.76,0.32
195612,3.47,4.29,3.64,1.93,1.74
195701,-4.54,-3.62,-1.79,-2.65,-0.14
195702,-1.55,-1.39,-1.99,-3.61,-3.06
195703,2.61,2.17,2.46,1.42,1.93
195704,5.45,4.72,3.23,3.82,1.75
195705,4.86,3.06,2.69,2.03,2.18
195706,0.3,-1.97,-0.84,-1.76,0.48
195707,1.3,1.13,0.07,1.33,0.98
195708,-5.61,-4.55,-2.75,-5.51,-5.06
195709,-6.47,-5.52,-3.94,-5.45,-7
195710,-3.94,-3.08,-3.49,-6.07,-8.26
195711,3,2.97,1.87,1.39,-0.84
195712,-3.86,-3.59,-1.56,-7.05,-5.99
195801,3.23,5.17,5.95,9.94,12.41
195802,-2.02,-0.6,-0.46,-2.23,-1.79
195803,3.5,3.03,3.77,2.62,2.71
195804,3.17,3.11,2.84,2.71,5.65
195805,1.85,3.19,2.25,3.37,4.22
195806,3.02,3,3,2.49,3.71
195807,4.97,2.21,5.71,5.84,8.38
195808,1.92,1.22,2.78,2.13,2.99
195809,4.71,4.71,4.21,5.04,9.48
195810,2.51,2.79,3.43,2.75,4.2
195811,3.44,2.75,2.05,3.47,3.92
195812,5.03,6.87,5.18,3.33,3.76
195901,-0.85,1.71,2.95,3.95,4.51
195902,1.13,0.89,0.27,2.4,1.56
195903,0.57,0.95,-1.19,1.09,0.44
195904,5.65,2.09,1.94,3.61,3.16
195905,3,0.23,2.34,1.12,3.13
195906,-0.27,-0.85,2.21,0.16,2.42
195907,4.09,3.28,2.09,3.38,2.52
195908,-1.46,-1.18,-0.24,-2.56,-0.18
195909,-4.74,-4.73,-3.01,-5.61,-4.51
195910,1.35,2.08,1.65,1.01,-0.35
195911,4.15,-0.07,-0.1,-0.46,0.3
195912,3.05,2.66,2.44,3.56,3.57
196001,-8.85,-6.36,-2.63,-5.39,-4.86
196002,2.22,-0.87,4.12,-1.06,-0.99
196003,-0.44,-1.52,-1.31,-3.2,-6.29
196004,-0.92,-2.41,-1.68,-2.28,-3.33
196005,5.2,1.92,1.62,-0.16,0.59
196006,2.38,2.72,1.54,3.03,2.15
196007,-4.02,-1.33,0.09,-0.61,-1.36
196008,2.67,2.84,4.87,4.09,2.49
196009,-7.08,-4.57,-4.77,-5.45,-5.23
196010,-1.12,-0.08,0.36,-0.55,0.25
196011,5.51,4.21,4.19,4.6,4.11
196012,3.52,4.95,8.38,3.56,2.92
196101,4.38,7.68,7.28,8.98,10.59
196102,3.92,3.88,2.34,4.75,3.56
196103,2.42,2.75,4.29,3.41,2.87
196104,-0.61,0.52,1.73,0.56,3.16
196105,3.07,3.02,0.85,4.41,2.79
196106,-1.75,-4.19,-2.85,-3.49,-3.59
196107,1.66,4.77,3.58,1.33,1.57
196108,4.14,2.22,1.09,1.46,2.67
196109,-0.89,-1.92,-3.37,-4.26,-2.05
196110,3.27,1.67,3.98,3.55,0.62
196111,3.61,6.41,4.18,3.79,3.88
196112,-1.57,0.58,1.9,2.23,-0.17
196201,-5.84,-3.59,-1.37,-0.2,1.54
196202,1.63,2,2.76,2.33,1.53
196203,0.09,-0.75,-0.5,-1.04,-2.31
196204,-7.8,-5.12,-5.92,-6.32,-5.81
196205,-10.52,-7.55,-6.06,-6.77,-7.53
196206,-10.55,-7.36,-6.44,-6.23,-7.17
196207,8.54,6.5,4.83,3.01,4.5
196208,2.89,2.35,1.44,1.56,2.5
196209,-5.47,-4.52,-4.37,-5.03,-4.98
196210,0.64,0.57,0.15,-0.25,0.08
196211,11.53,9.45,11.39,11.84,15.12
196212,1.13,2.31,1.93,-0.52,-0.14
196301,5.33,4.23,4,7.48,7.49
196302,-3.27,-1.56,-1.79,-1.4,-0.49
196303,3.46,2.64,3.96,4.36,4.24
196304,4.85,3.99,5.54,4.61,6.62
196305,3.01,-0.04,1.81,3.28,4.76
196306,-2.99,-0.98,-1.22,-1.99,0.19
196307,0.01,0.2,0.09,-0.89,-1.33
196308,5.74,4.31,4.94,7.2,6.07
196309,-1.58,-0.92,-1.17,-0.7,-2.95
196310,4.78,1.62,0.81,2.63,1.07
196311,-1.31,0.66,-1.17,-1.34,1.09
196312,2.3,2.13,1.89,2.14,2.32
196401,2.77,2.92,1.93,2.56,2.49
196402,1.86,0.67,1.71,4.08,4.35
196403,1.2,0.95,4.34,4.67,1.54
196404,-0.02,1.31,0.81,-1.16,0.79
196405,1.96,0.54,1.16,3.46,3.35
196406,0.95,2.68,0.87,1.66,2.31
196407,2.48,1.02,3.41,1.98,1.87
196408,-1.27,-1.4,0.12,-0.61,-2.19
196409,3.08,1.46,4.29,4.29,5.4
196410,0.44,1.1,0.76,1.02,3.34
196411,1.01,-0.09,0.83,-0.94,-3.08
196412,0.82,1.13,-0.96,-1.32,-1.33
196501,4.89,1.76,3.89,4.27,5.47
196502,0.36,0.44,1.42,0.82,0.92
196503,-1.2,-1.46,-1.1,0,0.93
196504,4.39,2.07,2.99,2.88,4.52
196505,-0.72,0.75,-0.54,-0.57,-2.6
196506,-4.7,-4.25,-6.16,-5.45,-7.16
196507,1.61,0.49,2.33,3.57,5.06
196508,3.43,1.85,4.18,2.36,3.47
196509,3.9,2.6,2.35,3.7,3.49
196510,3.26,0.91,3.4,4.69,6.23
196511,0.04,-0.94,2.14,1.02,1.27
196512,1.11,0.22,1.61,3.12,4.17
196601,-0.14,0.02,2.57,4.14,5.06
196602,-0.96,-1.83,-0.58,-0.15,0.95
196603,-1.36,-3.1,-1.66,-2.47,-3.78
196604,2.35,2.11,2.03,3.95,2.47
196605,-4.41,-4.38,-5.73,-7.69,-8.11
196606,-1.85,-1.25,-0.21,1.29,-0.38
196607,-1.62,-1.49,-0.87,0.21,-1.6
196608,-7.56,-8.66,-6.09,-7.4,-8.78
196609,-1.31,0.47,0.04,-0.1,-1.42
196610,2.41,4.93,7.74,5.59,3.59
196611,4.3,2.11,-1.76,-0.08,0.42
196612,-0.32,0.74,1.4,0.9,0.25
196701,8.35,7.92,6.49,9.51,14.93
196702,2.41,0.7,-0.38,-0.14,0.13
196703,4.49,3.58,3.76,5.06,5.54
196704,6.78,3.03,1.08,3.45,2.46
196705,-5.17,-3.21,-3.63,-2.7,-2.51
196706,1.93,1.59,2.39,4.42,4.59
196707,4.58,5.59,2.95,6.83,8.3
196708,-0.69,-0.91,-1.21,0.72,1.74
196709,3.95,3.1,3.31,3.31,1.29
196710,-0.79,-4.02,-2.99,-4.1,-5.35
196711,1.54,0.39,0.23,-0.35,-0.31
196712,2.34,3.36,2.96,5.81,4.86
196801,-6.33,-4.66,0.12,-0.63,-0.73
196802,-3.52,-2.67,-2.43,-4.02,-3.45
196803,2.7,-1.18,-0.55,-0.89,0.81
196804,11.32,8.01,4.74,11.33,12.44
196805,2.93,2.3,0.39,2.79,6.36
196806,-0.18,1.16,3.87,2.6,-0.99
196807,-5.42,-1.77,0.59,0.38,0.25
196808,1.23,1.41,2.03,1.8,3.63
196809,2.86,5.69,3.1,4.85,7.31
196810,-1.59,1.88,2.03,3.14,1.42
196811,6.63,4.21,6.2,5.44,5.49
196812,-4.63,-4.06,-2.96,-2.88,-2.27
196901,-2.3,-0.27,0.42,-0.41,0.94
196902,-4.61,-4.53,-5.22,-5.37,-7.01
196903,4.07,2.29,3.35,1.88,4.26
196904,3.41,1.31,0.82,2.24,1.22
196905,-0.47,0.32,1.19,1.21,-0.23
196906,-3.1,-7.56,-8.03,-7.26,-9.05
196907,-5.21,-6.89,-6.66,-7.67,-6.15
196908,7.37,5.14,4.23,4.13,2.3
196909,-0.34,-2.06,-2.45,-4.89,-4.27
196910,6.87,5.95,5.73,3.42,4.32
196911,-1.96,-4.01,-3.88,-4.64,-2.89
196912,0.22,-2.18,-2.06,-2.26,-5.25
197001,-8.34,-7.21,-7.83,-8.45,-4.14
197002,3.59,4.74,8.01,7.06,7.83
197003,-2.94,-0.48,2.11,0.72,1.49
197004,-12.38,-10.09,-9.74,-7.8,-8.52
197005,-8.68,-6.97,-6.3,-2.02,-4.96
197006,-6.28,-4.4,-4.08,-2.64,-8.18
197007,4.73,8.29,8.72,10.14,7.24
197008,4.27,6.03,4.6,5.06,6.37
197009,8.21,2.91,2.07,1.24,6.26
197010,-0.88,-2.06,-4.05,-0.62,-4.52
197011,4.77,5.53,4.94,6.02,4.5
197012,5.02,6.91,8.17,5.87,7.8
197101,4.62,5.66,4.88,4.23,8.29
197102,2.64,1.27,0.93,0.93,1.52
197103,6.24,4.03,4.82,1.86,3.13
197104,3.6,5.02,1.39,2.74,6.72
197105,-2.58,-4.13,-4.3,-4.75,-4.09
197106,1.15,-0.45,0.01,0.58,-1.79
197107,-4.17,-4.23,-3.58,-3.84,-5.97
197108,5.52,4.72,-0.2,2.79,10.73
197109,0.53,-0.93,-1.1,-1.23,-2.9
197110,-3.68,-5.13,-3.32,-3.41,-5.2
197111,0.85,-0.23,-0.57,-0.84,-2.41
197112,9.05,9.94,9,7.78,11.02
197201,3.06,1.82,0.42,2.13,8.48
197202,4.75,2.63,1.24,0.82,1.15
197203,2.43,0.62,-1.93,-1.07,1
197204,0.75,0.78,-0.11,0.49,0.63
197205,3.21,-0.92,1.75,0.33,-1.86
197206,-1,-2.76,-2.79,-2.82,-5.85
197207,0.84,-1.99,-0.91,-1.15,-2.06
197208,0.59,5.14,5.95,7.74,5.54
197209,-0.12,-2.14,-1.57,0.87,-3.71
197210,0.58,0.53,1.73,2.1,-0.04
197211,2.08,6.44,6.76,7.68,11
197212,3.28,-0.5,-0.78,-0.43,-2.89
197301,-2.28,-4.84,-2.67,-0.34,-4.16
197302,-3.01,-4.53,-5.3,-5.5,-3.93
197303,-1.24,-1.83,0.5,1,0.65
197304,-6.51,-4.67,-2.63,-1.33,-3.86
197305,-0.65,-3.02,-1.95,-3.32,-6.09
197306,-0.84,-1.15,-0.42,-0.82,-2.52
197307,6.99,7.16,1.73,2.83,6.68
197308,-3.54,-2.62,-3.62,-2.74,-0.72
197309,1.44,8.98,9.22,8.75,8.93
197310,-0.15,-0.61,0.45,-2.12,1.94
197311,-12.37,-14.63,-12.14,-8.48,-12.38
197312,-1.98,0.89,6.28,3.92,6.36
197401,-1.47,1.97,-0.77,2.99,5.32
197402,-1.42,1.32,-0.28,2.4,3.2
197403,-1.58,-3.06,-2.56,-3,-2.56
197404,-3.58,-5.14,-5.15,-5.98,-4.1
197405,-1.22,-5.3,-5.75,-4.25,-7.57
197406,-1.74,-2.9,-2.06,-2.56,-0.72
197407,-10.62,-4.23,-3.49,-3.23,-2.86
197408,-10.1,-8.05,-5.49,-7.37,-7.15
197409,-14.38,-9.25,-5.22,-5.67,-7.32
197410,21.99,13.65,11.65,9.7,6.65
197411,-4.45,-3.02,-3.5,-3.36,-5.07
197412,-3.96,-0.73,-0.37,-2.71,-4.93
197501,10.33,15.98,16.95,22.38,25.07
197502,9.27,3.07,3.09,2.91,1.5
197503,3.14,3.43,0.35,6.25,6.7
197504,5.71,4.88,1.19,4.75,4.06
197505,5.4,7.77,5.34,3.1,3.88
197506,3.88,6.95,5.74,7.88,6.54
197507,-7.88,-4.35,-4.11,-4.5,-3.85
197508,-2.35,-2.36,-2.46,-0.94,-5.04
197509,-4.53,-1.82,-2.94,-3.92,-4.45
197510,6.8,5.42,4.73,5.48,3.49
197511,3.22,2.55,3.28,4.12,4.15
197512,-2.58,0.63,0.22,0.05,0.54
197601,11.37,10.84,15.26,18.55,22.76
197602,-1.69,2.15,1.83,3.66,10.4
197603,2.73,3.05,2.45,2.05,2.67
197604,-2.16,-0.06,0.69,-0.43,-1.56
197605,-1.19,0.03,-0.99,-2.57,-1.74
197606,4.42,4.14,5.85,5.62,4.17
197607,-1.6,0.24,0.26,0.17,1.47
197608,-0.6,0.27,1.38,-0.91,-0.94
197609,1.74,3.74,3.12,3.34,0.84
197610,-2.52,-2.05,-0.92,-2.3,-3.02
197611,-0.82,1.17,2.32,2.54,3.91
197612,4.38,7.48,6.3,8.58,9.31
197701,-7.01,-2.67,-0.75,-0.12,2.38
197702,-1.51,-2.71,-0.98,-1.29,-1.57
197703,-1.52,-1.03,-0.77,-0.09,1.24
197704,-1.83,2.06,1.5,3.36,3.31
197705,-2.09,-0.69,0.54,-1.07,-0.59
197706,6.18,4.61,3.61,4.92,6.03
197707,-1.1,-2.48,-0.71,-0.3,-2.29
197708,0.95,-2.74,-2.42,-3.61,-2.82
197709,-0.49,-0.33,1.86,0.45,-0.12
197710,-4.34,-3.67,-4.3,-2.45,-3.1
197711,4.19,4.52,4.18,4.28,7.29
197712,0.34,1.11,1.16,0.51,1.1
197801,-6.12,-6.69,-5.03,-4.27,-1.65
197802,-2.52,-0.87,1.69,-0.11,-0.4
197803,1.97,4.43,3.89,3.73,6.22
197804,11.35,8.32,5.4,5.44,7.03
197805,2.22,2.5,1.27,1.92,4.58
197806,-1.13,-2.27,-1.11,-0.72,-0.05
197807,7.31,5.09,5.08,3.56,6.27
197808,3.88,4.68,5.22,3.71,4.18
197809,-3.09,-0.44,1.13,0.74,-0.16
197810,-11.08,-11.84,-10.41,-9.32,-15.7
197811,3.63,2.92,4.08,3.08,3.26
197812,3.25,1.29,1.01,0.31,0.38
197901,3.3,5.51,5.17,5.73,8.35
197902,-3.98,-2.7,-2.77,-1.72,-2.74
197903,6.07,6.88,6.94,5.02,8.47
197904,0.41,0.96,1.29,0.11,1.22
197905,-2.05,-1.15,-1.55,-0.76,-1.24
197906,2.96,5.22,6.21,5.22,4.98
197907,0.35,2.03,1.99,1.97,3.53
197908,7.03,7.16,4.93,5.53,6.5
197909,-1.21,0.63,1.02,-0.3,-0.67
197910,-6.91,-6.46,-6.63,-8.24,-9.4
197911,6.9,7.18,5.02,6.89,3.82
197912,3.23,3.83,0.78,1.65,3.89
198001,4.66,7.21,6.11,6.14,9.39
198002,-3.48,0.19,2.16,-0.63,0.03
198003,-9.24,-12.42,-11,-11.86,-15.3
198004,3.79,4.35,5.85,7.94,4.62
198005,5.69,5.92,6.12,5.33,7.61
198006,3.3,4.23,2.56,4.53,2.3
198007,11.59,6.73,4.82,3.95,5.64
198008,3.62,1.98,1.86,1.89,0.96
198009,4.07,5.43,3.16,-0.72,0.28
198010,1.73,3.74,3.74,-1.05,0.72
198011,11.65,13.42,14.88,4.54,2.58
198012,-1.51,-5.19,-4.69,-1.16,-0.62
198101,-5.98,-6.29,-4.91,0.46,2.38
198102,2.33,2.13,0.51,2.54,1.31
198103,4.79,4.13,2.23,5.29,7.77
198104,-1.32,-2.83,-1.61,2.06,0.36
198105,2.43,-0.87,-0.56,2.74,2.16
198106,-4.98,0.59,2.43,0.32,0.34
198107,0.93,1.57,-2.16,-2.3,-0.72
198108,-7.05,-6.68,-5.43,-5.28,-1.91
198109,-7.64,-6.24,-6.32,-2.72,-1.76
198110,8.79,7.39,3.89,3.09,4.62
198111,3.18,5.26,4.58,4.96,4.25
198112,-2.84,-3.14,-2.97,-1.94,-1.99
198201,-2.15,-3.72,-3.17,-1.52,0.6
198202,-7.39,-6.8,-2.77,-1.23,-2.22
198203,-3.37,0.18,-1.02,1.62,1.79
198204,6.56,4.37,3.56,3.55,2.34
198205,-4.05,-2.17,-2.04,-3.11,-1.6
198206,-3.32,-1.29,-0.73,-1.68,-1.84
198207,-0.43,-3.27,-3.47,-2.29,-1.78
198208,10.79,11.56,12.23,13.05,11.72
198209,2.05,2.38,2.78,0.75,1.11
198210,13.13,12.01,11.18,11.61,9.1
198211,7.82,5.15,3.13,3.77,5
198212,1.8,0.24,1.13,0.41,4.07
198301,3.91,3.58,3.9,5.41,3.27
198302,3.26,3.94,3.88,1.94,4.02
198303,2.61,3.17,4.54,4.15,3.68
198304,6.48,6.29,8.53,8.53,7.11
198305,1.71,0.43,1.36,-0.43,2.15
198306,5.79,5.33,3.17,1.26,1.68
198307,-5.1,-4.95,-2.94,-0.13,-1.37
198308,-1.87,-1.45,-0.22,3.03,5.06
198309,2.5,2.01,2.35,0.36,1.29
198310,-4.48,-3.33,-1.2,-0.57,-0.97
198311,2.64,3.4,3.45,2.55,1.79
198312,-1.37,-0.1,-1.82,-1.05,0.4
198401,-5.85,-1.72,0.18,1.1,4.97
198402,-4.65,-6.29,-4.47,-2.88,-1.04
198403,1.23,2.4,0.72,1.66,0.22
198404,0.52,-0.28,0.78,0.62,1.14
198405,-5.18,-3.73,-6.03,-4.28,-6.14
198406,4.07,5.04,1.91,-0.16,3.98
198407,-1.58,-2.67,-1.01,-3.21,-2.08
198408,11.87,11.1,10.66,11.25,11.62
198409,-2.85,-1.09,0.13,1.77,3.42
198410,-0.14,1.5,0.91,-0.37,-0.68
198411,-3.21,-0.98,-1.16,-0.4,1.46
198412,2.69,2.38,2.39,2.9,1.72
198501,11.15,9.61,8.11,7.54,5.3
198502,1.22,2.05,1.7,2.52,2.09
198503,-2.28,-0.29,-0.57,0.88,2.25
198504,-1.71,-2.27,-0.85,1.32,2.35
198505,5.61,6.63,7.23,5.22,4.66
198506,1.08,2.42,1.89,1.21,2.24
198507,0.69,0.48,-0.22,-1.28,-1.31
198508,-1.83,-0.29,0.03,0.15,0.55
198509,-4.61,-3.32,-2.84,-3.73,-4.21
198510,3.89,4.41,4.52,5.45,5.69
198511,9.34,7.78,7.59,4.54,5.04
198512,6.05,4.1,4.3,3.33,4.43
198601,0.77,1.46,1.66,-0.29,1.91
198602,7.52,9.54,8.06,6.83,7.03
198603,5.63,6.73,5.69,4.75,4.79
198604,0.9,-0.2,-1.38,-2.23,-2.8
198605,5.26,5.26,4.32,5.94,5.07
198606,1.81,1.34,1.13,1.17,2.65
198607,-7.86,-6.76,-5.99,-3.22,-3.54
198608,4.2,5.93,6.03,9.58,9.95
198609,-9.82,-9.15,-7.03,-7.33,-6.13
198610,5.09,6.12,5.33,4.64,5.16
198611,1.98,1.48,1.84,1.65,1.32
198612,-2.35,-2.53,-3.87,-2.72,-2.78
198701,13.38,14.91,10.76,12.09,11.68
198702,8.34,6.51,4.13,0.86,0.27
198703,1.45,2.12,0.8,2.81,3.7
198704,-1.87,-1.6,-2.43,-1.23,-0.83
198705,1.63,-0.3,-0.1,0.53,0.63
198706,4.19,4.46,5.42,4.81,4.9
198707,5.13,3.47,5.44,2.94,3.92
198708,4.48,4.77,3.5,4.31,2.33
198709,-2.28,-3.17,-0.78,-1.91,-2.21
198710,-23.74,-24.61,-23.19,-16.77,-21.14
198711,-8.97,-7.34,-7.07,-6.63,-6.19
198712,9.09,8.18,7.89,3.56,5.78
198801,2.07,2.41,5.09,8.17,8.1
198802,5.55,6.57,5.48,2.98,3.92
198803,-3,-2.12,-1.78,-2.5,0.36
198804,-0.51,1.02,1.63,1.7,2.18
198805,-0.43,-0.2,-0.57,1.96,1.95
198806,5,6.93,5.96,3.56,4.25
198807,-1.54,-1.63,0.33,-0.16,0.56
198808,-3.09,-4.44,-1.97,-1.1,-1.9
198809,5.16,4.27,2.38,3.5,3.85
198810,0.8,3.86,1.12,1.87,3.12
198811,-2.09,-1.63,-2.33,-0.99,-0.56
198812,2.84,2.62,2.06,1.16,0.74
198901,7,6.49,6.11,5.98,7.73
198902,-2.3,-1.87,-1.68,-1.04,-1.1
198903,2.41,0.98,3.48,2.53,1.93
198904,6,5.16,4.37,4.64,4.1
198905,4.65,3.42,4.1,4.3,3.97
198906,-1.24,-0.55,-0.93,-0.05,1.28
198907,10,8.76,6.16,6.79,5.97
198908,0.95,2.53,3.01,2.39,2.39
198909,1.12,-1.18,-0.45,0.37,-0.29
198910,-1.07,-3.96,-4.02,-3.44,-1.98
198911,1.86,2.23,1.96,1.05,0.93
198912,0.91,1,3.33,3.85,1.05
199001,-7.77,-6.19,-7.19,-7.54,-6.86
199002,0.65,1.96,2.25,1.53,2.4
199003,4.05,3.8,0.93,1.07,0.76
199004,-0.57,-1.84,-4.12,-4.29,-4.69
199005,11.18,10.3,7.78,6.33,7.53
199006,2.66,-1.68,-1.98,-2.81,-0.33
199007,-1.55,-1.55,0.8,-2.06,-2.62
199008,-9.37,-10.81,-7.66,-9.28,-10.59
199009,-5.71,-5.81,-3.06,-6.92,-7.54
199010,0.56,-2.39,-2.03,-0.72,-1.07
199011,7.09,7.75,6.5,6.98,4.71
199012,3.5,3.85,2.11,2.95,1.75
199101,5.95,5.95,3,5.87,4.93
199102,8.48,7.73,6.06,7.21,8.18
199103,4.95,2.47,0.96,3.03,2.75
199104,-0.28,0.05,0.69,1.54,0.16
199105,4.27,4.79,2.61,4.03,5.47
199106,-4.54,-5.39,-3.92,-4,-4.02
199107,6.23,3.19,4.1,4.45,3.7
199108,4.06,1.07,2.9,2.1,3.05
199109,-1.62,-1.1,-0.77,0.42,-2.54
199110,1.77,0.95,1.85,2.9,2.04
199111,-1.6,-5.35,-4.88,-3.54,-6.64
199112,14.83,8.86,8.41,7.36,10.83
199201,-2.07,-0.87,-0.25,1.4,8.4
199202,0.09,0.23,2.42,3.54,8.08
199203,-3.52,-1.73,-0.72,-1.2,-0.57
199204,-0.99,4.14,3.39,2.35,3.89
199205,0.99,0.42,0.47,0.35,1.32
199206,-3.18,-0.71,-2.36,-0.25,-0.54
199207,4.78,3.74,4.51,3.59,1.21
199208,-1.04,-2.98,-0.94,-2.91,-6.45
199209,0.92,3.21,1.23,0.44,0.66
199210,2.68,1.68,-1,-0.58,1.42
199211,4.74,5.31,1.74,3.36,6.84
199212,-0.07,3.16,3.24,1.44,3.73
199301,-1.79,1.4,1.53,3.27,7.58
199302,-3.93,1.59,3.99,3.97,2.17
199303,1.2,3.64,3.47,1.56,3.57
199304,-5.62,-2.31,-0.79,-1.67,-0.41
199305,4.09,4.51,1.69,1.71,1.26
199306,-1.86,0.8,1.82,1.61,3.76
199307,-2.96,0.41,1.02,2.44,0.74
199308,4.09,2.86,4.18,4.16,3.16
199309,0,-0.44,0.18,1.14,-1.37
199310,3.9,0.57,-0.02,-0.52,3.57
199311,0.3,-2.07,-2.82,-3.31,0.26
199312,1.03,3.23,1.6,1.65,2.86
199401,1.58,3.55,4.38,2.87,5.36
199402,-1.61,-1.1,-2.6,-4.18,-3.86
199403,-5.16,-4.2,-3.37,-4.28,-4.12
199404,0.68,-0.35,2.48,1.34,1.85
199405,0.51,2.25,1.34,0.26,0.26
199406,-3.2,-3.02,-1.91,-1.71,-3.13
199407,2.49,3.07,3.06,4.21,3.74
199408,6.77,4.8,2.1,3.31,2.36
199409,-0.41,-2.76,-3.12,-2.49,-3.28
199410,2.79,0.59,2.29,1.87,-0.19
199411,-2.4,-4.57,-4.44,-3.8,-3.32
199412,1.06,1.66,1.49,1.07,1.55
199501,2.06,1.47,2.94,2.71,2.74
199502,3.55,5.29,3.93,3.71,3.89
199503,2.77,3.78,2.67,2.45,0.3
199504,2.04,2.37,2.92,3.1,3.69
199505,3.25,2.99,3.3,4.24,5.34
199506,4.74,3.06,1.25,2.22,1.66
199507,4.69,3.25,4.45,4.63,2.26
199508,-0.11,1.57,0.49,2.32,3.19
199509,4.32,4.58,2.43,3.97,3.69
199510,-0.18,-1.05,-0.81,-2.66,-1.96
199511,4.68,3.15,4.73,5.99,3.56
199512,-0.12,2.51,2.48,1.57,3
199601,2.76,3.33,2.34,2.46,2.69
199602,2.38,1.37,2.1,1.33,0.28
199603,0.72,0.37,1.59,2.68,1.47
199604,3.02,3.15,1.51,1.25,-0.25
199605,4.14,2.86,0.91,2.16,2.09
199606,-0.94,0.16,-0.61,-0.81,0.13
199607,-6.58,-4.97,-4.16,-3.67,-5.26
199608,2.82,2.51,4.12,3.65,3.33
199609,7.07,5.25,4.64,2.83,1.89
199610,-0.39,1.88,3.98,3.47,3.51
199611,6.86,6.57,8.36,6.26,5.58
199612,-1.54,-1.23,-1.28,-0.3,-0.24
199701,6.93,5.23,4.51,4.09,3.08
199702,-0.61,-0.06,-0.01,1.7,2.41
199703,-5.99,-4.14,-1.89,-3.75,-4.04
199704,6.37,4.1,4.46,3.36,1.33
199705,7.52,7.47,5.77,6.41,5.91
199706,4.07,4.76,4.52,4.33,3.48
199707,7.56,8.41,8.36,6.82,6.5
199708,-5.6,-2.8,-2.93,-2.8,-0.89
199709,5.27,5.82,6.09,6.91,6.03
199710,-3.21,-4.63,-3.11,-1.68,-2.48
199711,4.04,4.9,1.57,2.77,2.5
199712,0.6,2.08,2.52,3.28,4.83
199801,3.24,-0.42,-2.94,-0.51,-0.39
199802,7.67,6.3,8.68,7.34,6.55
199803,4.41,5.3,5.13,5.96,7.08
199804,1.02,1.24,2.26,1.03,0.46
199805,-2.92,-2.48,-3.07,-0.13,0.06
199806,6.87,0.86,1.53,1.81,2.16
199807,-1.1,-1.24,-4.58,-5.22,-2.86
199808,-14.51,-17.44,-17.9,-13.92,-11.35
199809,8.46,4.27,5.15,4.85,6.44
199810,7.6,9.73,6.99,4.82,3.96
199811,7.67,5.59,5.95,4.12,3.97
199812,9.26,4.54,1.83,3.34,3.52
199901,5.89,2.35,0.75,-2.01,0.72
199902,-5.37,-1.7,-1.17,-2.54,-3.78
199903,4.73,1.54,5.26,1.79,0.25
199904,0.58,8.21,9.54,8.19,7.45
199905,-2.91,-0.88,-1.29,1.68,0.68
199906,6.69,5.6,3.71,0.8,-0.04
199907,-3.09,-3.63,-1.68,-2.88,-2.46
199908,0.51,-4.09,-2.35,-1.88,-2.14
199909,-1.64,-3.21,-5.12,-6.16,-4.42
199910,6.83,7.99,2.99,2.3,2.72
199911,5.15,0,-0.53,-3.12,-0.36
199912,9.18,2.71,3.16,2.07,2.48
200001,-4.74,-4.04,-2.03,-3.96,-2
200002,3.23,-2.48,-3.08,-3.14,-2.49
200003,7.46,8.73,9.02,10.48,6.26
200004,-5.04,-3.53,-0.79,2.97,2.62
200005,-4.2,0.84,-0.45,-0.53,-1.88
200006,6.82,-3.44,-3.39,-3.02,-3.26
200007,-3.37,0.77,3.2,4.68,3.31
200008,7.72,7.87,7.65,5.84,7.28
200009,-6.54,-1.51,0.92,4.79,-0.51
200010,-2.43,0.41,-1.7,0.34,1.25
200011,-11.24,-6.24,-4.8,-0.33,-1.5
200012,-1.2,9.27,9.54,8.92,5.64
200101,3.81,3.07,3.79,-0.75,1.28
200102,-12.37,-3.32,-1.22,1.97,2.3
200103,-8.73,-3.03,-0.62,-2.56,-0.83
200104,9.47,5.77,4.1,5.29,5.1
200105,0.44,1.94,2.36,1.93,4.28
200106,-1.6,-2.54,0.15,-0.76,-0.42
200107,-2.1,-1.05,-2,-1.56,1.92
200108,-7.33,-3.96,-4.26,-3.28,-5.99
200109,-8.18,-10.1,-9.77,-9.64,-10.01
200110,3.99,0.46,1.26,1.54,-4.29
200111,8.17,7.21,6.05,7.54,11.76
200112,0.57,3.15,3.96,3.29,3.66
200201,-1,-1.6,-2.05,1.14,-1.56
200202,-3.08,0.37,0.72,-2.86,-3.55
200203,3.38,5.96,5.4,7.14,6.01
200204,-7.43,-1.93,-0.32,-0.38,-5.43
200205,-1.58,-0.53,-0.37,-1.13,-1.72
200206,-7.63,-5.19,-6.87,-4.75,-10.09
200207,-5.99,-9.2,-10.04,-11.09,-13.48
200208,0.14,0.33,0.97,2.36,4.41
200209,-10.4,-11.12,-9.24,-8.52,-9.74
200210,10.02,7.54,5.02,3.06,4.29
200211,5.63,5.67,6.98,5.65,8.8
200212,-7.07,-4.13,-4.36,-2.72,-5.27
200301,-2.56,-2.67,-2.19,-2.46,-5.98
200302,-0.94,-2.49,-3.64,-2.87,-4.55
200303,2.32,-0.89,0.81,1.14,-1.96
200304,8.04,7.77,9.41,8.42,11.08
200305,4.67,7.9,8,7.63,8.44
200306,1.18,1.97,1.06,0.41,2.67
200307,2.32,3.54,1.39,1.5,1.71
200308,2.08,2.17,1.9,3.44,4.82
200309,-0.86,-1.18,-1.66,-1.89,-1.09
200310,4.76,7.2,7.86,6.85,6.49
200311,0.83,1.76,1.71,1.83,3.49
200312,3.4,5.53,4.52,5.08,7.04
200401,1.82,1.79,2.47,2.67,3.56
200402,0.82,2.23,2.44,0.96,2.43
200403,-1.78,-1.1,-0.84,0.4,-1.12
200404,-0.36,-2.43,-3.27,-3.26,-2.35
200405,1.63,1.06,0.48,0.35,1.33
200406,1.19,2.34,1.85,2.51,4.11
200407,-5.28,-3.14,-2.99,-1.88,-1.8
200408,-0.67,1.17,0.69,0.55,0.28
200409,0.76,1.73,3.6,2.28,2.99
200410,1.65,1.46,1.83,0.23,2.43
200411,3.07,5.8,5.7,5.87,6.68
200412,3.87,3.53,2.2,3.55,3.72
200501,-3.39,-2.08,-1.48,-2.26,-1.35
200502,0.64,3.63,3.28,2.04,3.98
200503,-1.29,-3.15,-1.68,-1.33,-0.02
200504,-1.58,-2.67,-4.07,-2.02,-3.14
200505,4.33,3.26,4.04,2.74,3.93
200506,-1.07,1.29,2.29,2.67,2.98
200507,4.93,2.91,3.85,3.8,5.14
200508,-1.73,-0.74,-0.23,-0.66,0.76
200509,-0.37,1.3,1.07,1.38,2.38
200510,-0.67,-2.51,-1.44,-1.26,-4.36
200511,4.22,4.21,4.07,4.05,1.18
200512,-0.74,0.46,0.99,0.33,0.35
200601,2.3,2.79,4.03,4.01,6.69
200602,-0.05,0.36,0.35,0.95,-1.97
200603,1.41,2.14,2.42,1.57,1.76
200604,-0.73,1.78,2.27,2.23,3.05
200605,-3.55,-3.17,-3,-2.22,-1.52
200606,0.02,-0.83,0.04,0.45,2.1
200607,-2.13,0.74,0.35,1.06,0.18
200608,3.72,2.16,2.79,0.52,1.2
200609,2.77,1.84,2.68,0.99,2.93
200610,3.38,3.77,2.81,3.61,5.27
200611,1.34,2.84,2.03,2.93,1.47
200612,-0.28,1.67,1.79,2.17,2.9
200701,2.43,1.41,0.91,1.56,2.72
200702,-2.01,-0.89,-2.78,-0.63,-1.49
200703,0.48,1.41,0.95,1.88,1.84
200704,5.05,3.84,3.82,3.33,3.01
200705,2.9,4,3.69,3.71,4.71
200706,-1.46,-0.37,-3.03,-1.75,-2.1
200707,-1.62,-2.56,-4.73,-6.03,-4.49
200708,1.38,2.26,2.52,0.63,-0.95
200709,4.72,3.54,2.37,2.29,3.15
200710,3.75,2.16,-0.29,2.31,0.28
200711,-3.83,-3.55,-6.35,-3.79,-5.82
200712,-0.76,-0.41,-0.91,-0.47,0.06
200801,-7.94,-5.73,-4.5,-3.15,-5.72
200802,-2.33,-2.92,-3.44,-4.2,-3.01
200803,0.29,0.61,-3.28,-3.02,0.24
200804,4.66,2.98,5.87,5.29,5.88
200805,3.43,0.62,-0.13,2.07,3.69
200806,-6.98,-8.07,-10.29,-9.58,-8.6
200807,-0.18,-1.45,-2.55,0.35,2.79
200808,1.59,1.6,1.3,0.77,3.97
200809,-10.76,-8.4,-7.22,-7.27,-10.15
200810,-16.84,-15.31,-16.73,-19.5,-20.03
200811,-8.77,-4.09,-7.62,-10.53,-10.3
200812,2.7,1.63,1.32,-0.57,4.7
200901,-3.79,-8.62,-9.98,-13.53,-13.67
200902,-7.02,-10.04,-12.77,-13.36,-14.27
200903,9.63,6.37,11.19,8.86,9.32
200904,8.76,8.38,12.16,11.91,17.73
200905,4.67,4.95,5.67,5.86,1.85
200906,1.95,-0.67,-0.7,-0.94,2.59
200907,6.24,8.81,8.16,10.1,9.87
200908,1.44,3.87,2.81,5.48,13.11
200909,3.8,3.75,4.36,4.89,5.3
200910,-0.64,-1.92,-3.26,-4.88,-8.74
200911,6.64,5.23,4.15,4.75,4.87
200912,1.83,3.29,3.54,4.38,3.33
201001,-3.7,-4.06,-1.69,-4.46,-1.93
201002,2.77,3.95,2.71,4.69,6.4
201003,5.59,6.08,6.33,7.11,8.75
201004,0.94,2.43,2.54,2.36,4.4
201005,-7.28,-7.79,-8.29,-7.98,-10.08
201006,-4.15,-7.1,-4.02,-6.84,-11.03
201007,7.12,5.71,8.21,8.08,6.78
201008,-4.09,-4.96,-4.99,-3.93,-7.6
201009,10.7,9.41,8.9,8.34,7.94
201010,4.71,4.44,4.14,1.88,1.7
201011,0.15,2.42,0.39,0.31,-0.82
201012,4.91,6.44,7.71,8.09,11.42
201101,1.25,3.21,2.43,2.32,2.27
201102,2.56,3.82,4.55,4.34,4.32
201103,0.51,0.39,1.49,0.51,-0.97
201104,3.7,3.61,1.99,2.07,1.28
201105,-0.16,-1.97,-1.86,-1.64,-2.49
201106,-1.22,-2.36,-1.88,-1.73,-1.54
201107,-0.92,-2.33,-2.46,-3.31,-4.39
201108,-4.64,-4.81,-8.51,-5.39,-8.42
201109,-6.66,-6.67,-8.82,-6.94,-10.44
201110,10.07,12.01,13.39,10.24,12.4
201111,-0.5,0.57,0.74,0.62,-3.1
201112,-0.74,0.73,2.2,2.86,0.62
